barcodes,RPE_1_S5_R2_001.fastq.gz,RPE_2_S6_R2_001.fastq.gz,RPE_3_S7_R2_001.fastq.gz,Ret_1_S1_R2_001.fastq.gz,Ret_2_S2_R2_001.fastq.gz,Ret_3_S3_R2_001.fastq.gz,Ret_4_S4_R2_001.fastq.gz,Ret_Student_S8_R2_001.fastq.gz,Undetermined_S0_R2_001.fastq.gz
ACCACAAGTCGACTAGAGCT,0,0,0,0,0,0,0,0,0
ACGAACGATCGACTAGAGCT,0,0,0,0,0,0,0,0,0
CGAAGCAATCGACTAGAGCT,9455,3385,476,0,0,68,0,0,864
GACATACGTCGACTAGAGCT,6,5,0,0,1,4,0,0,0
GAGAGCAATCGACTAGAGCT,2900,1588,221,22,5,103,14,10,312
GAGTAACGTCGACTAGAGCT,30,9,0,0,0,0,0,0,4
GGTGTTAGTCGACTAGAGCT,0,4,0,0,0,1,0,0,3
GTCCTGAATCGACTAGAGCT,0,0,0,0,0,0,0,0,0
GTGCATGATCGACTAGAGCT,1762,389,160,27,13,97,19,23,169
TGTTGGAGTCGACTAGAGCT,5176,2269,420,12,5,37,5,6,568
